{
   "device" : {
      "eye_target_height_in_pixels" : 1600,
      "eye_target_width_in_pixels" : 1440,
      "first_eye" : "eEYE_LEFT",
      "hidden_area_mesh" : 5,
      "last_eye" : "eEYE_RIGHT",
      "num_windows" : 1
   },
   "device_class" : "hmd",
   "device_pid" : 8192,
   "device_serial_number" : "LHR-39B3EB31",
   "device_vid" : 10462,
   "direct_mode_edid_pid" : "91A8",
   "direct_mode_edid_vid" : "VLV",
   "display_edid" : [ "", "" ],
   "expected_bases" : 2,
   "expected_controllers" : 2,
   "head" : {
      "plus_x" : [ -1, 0, 0 ],
      "plus_z" : [ 0, -0, -1 ],
      "position" : [ 0, 0, -0.01092000026255846 ]
   },
   "imu" : {
      "acc_bias" : [ -0.0665616766, -0.0327856168, 0.125158861 ],
      "acc_scale" : [ 0.999423087, 0.999577165, 0.998369813 ],
      "gyro_bias" : [ 0.00798482355, 0.00132778008, 0.00102703483 ],
      "plus_x" : [ 3.4228541778702493e-08, -0.99999996577145822, -0 ],
      "plus_z" : [ 0, -0, 1 ],
      "position" : [ -0.053339999169111252, 0.0370200015604496, 0.057069998234510422 ]
   },
   "ipd" : {
      "enable" : true,
      "high_mm" : 70,
      "low_mm" : 58.0000076,
      "minstep_mm" : 2
   },
   "lighthouse_config" : {
      "channelMap" : [ 13, 14, 15, 4, 12, 3, 11, 16, 10, 5, 6, 2, 9, 7, 8, 1, 0, 28, 20, 27, 29, 30, 19, 31, 26, 17, 18, 21, 25, 24, 22, 23 ],
      "modelNormals" : [
         [ 0.778691828, 0.622605145, -0.0774715245 ],
         [ 9.79999968e-05, 0.667682767, 0.74444592 ],
         [ 0.000722999976, 0.988561928, -0.150813654 ],
         [ 0.123117998, 0.553260148, 0.82385987 ],
         [ 0.332606047, 0.903485119, -0.270348072 ],
         [ 0.344565004, 0.381300271, 0.857837379 ],
         [ 0.86151129, 0.384554148, -0.33153674 ],
         [ 0.898183763, 0.216545999, -0.382588267 ],
         [ 0.962244749, 0.00692530815, -0.272097528 ],
         [ 0.92692101, -0.179479823, -0.329551786 ],
         [ 0.751371026, -0.627331793, -0.204686329 ],
         [ 0.647259951, -0.00111135992, 0.762268603 ],
         [ 0.330946028, -0.918073952, -0.218208492 ],
         [ 0.511129141, -0.835072577, -0.203471959 ],
         [ 0.00573800039, -0.999502659, -0.0310112145 ],
         [ 0.0516760014, -0.299966991, 0.952548921 ],
         [ 0, -0.356254667, 0.934388876 ],
         [ -0.00573800039, -0.999502659, -0.0310112145 ],
         [ -0.0516760014, -0.299966991, 0.952548921 ],
         [ -0.330946028, -0.918073952, -0.218208492 ],
         [ -0.511129141, -0.835072577, -0.203471959 ],
         [ -0.751371026, -0.627331793, -0.204686329 ],
         [ -0.647259951, -0.00111135992, 0.762268603 ],
         [ -0.92692101, -0.179479823, -0.329551786 ],
         [ -0.962244749, 0.00692530815, -0.272097528 ],
         [ -0.123117998, 0.553260148, 0.82385987 ],
         [ -0.344565004, 0.381300271, 0.857837379 ],
         [ -0.898183763, 0.216545999, -0.382588267 ],
         [ -0.86151129, 0.384554148, -0.33153674 ],
         [ -0.332606047, 0.903485119, -0.270348072 ],
         [ -0.000722999976, 0.988561928, -0.150813654 ],
         [ -0.778691828, 0.622605145, -0.0774715245 ]
      ],
      "modelPoints" : [
         [ 0.0240119118, 0.0516802706, 0.0396766886 ],
         [ -0.000246224052, 0.0539509878, 0.0499950163 ],
         [ 0.0491250232, 0.0471777022, 0.0497168526 ],
         [ 0.0500040054, 0.0446563773, 0.0607715361 ],
         [ 0.0766777545, 0.0418699235, 0.031841062 ],
         [ 0.0790832862, 0.0419957452, 0.0548092984 ],
         [ 0.0824518502, 0.034401495, 0.0269446727 ],
         [ 0.0892020687, 0.0345592983, 0.0432333648 ],
         [ 0.0866166577, -0.00199753605, 0.0228784364 ],
         [ 0.092046015, -0.00878053345, 0.0409251004 ],
         [ 0.0889702886, -0.0184239428, 0.0465257801 ],
         [ 0.0886774883, -0.0149341282, 0.0569201373 ],
         [ 0.0667940676, -0.0459064804, 0.035762731 ],
         [ 0.0747595429, -0.0459335111, 0.05293639 ],
         [ 0.0434272885, -0.0504912101, 0.0591091104 ],
         [ 0.0383618027, -0.0385120399, 0.0727721825 ],
         [ -0.000242646653, -0.040567752, 0.0727447718 ],
         [ -0.0433354154, -0.0505989529, 0.0587560534 ],
         [ -0.0386143737, -0.038468916, 0.0725372806 ],
         [ -0.0662219748, -0.0460636616, 0.0356797501 ],
         [ -0.074808225, -0.0459482558, 0.0525283478 ],
         [ -0.0889098346, -0.0184903573, 0.0464693643 ],
         [ -0.0885663778, -0.0149485683, 0.0566651411 ],
         [ -0.0920955613, -0.00891353004, 0.0408209413 ],
         [ -0.0866682082, -0.00182869937, 0.0228573289 ],
         [ -0.0497964546, 0.0446424559, 0.0610346608 ],
         [ -0.0788936168, 0.0422276147, 0.0549756773 ],
         [ -0.0890967846, 0.0347301848, 0.0433443449 ],
         [ -0.0826783404, 0.0342909433, 0.0274243038 ],
         [ -0.0770122185, 0.0420321375, 0.0319586061 ],
         [ -0.0490206964, 0.0473733246, 0.0500467643 ],
         [ -0.0240030587, 0.0514018834, 0.0397005677 ]
      ]
   },
   "manufacturer" : "Valve",
   "mfg_build_info" : {
      "rootserial" : "AUAB103601AA"
   },
   "model_number" : "Utah MP",
   "resource_root" : "utah",
   "revision" : 20,
   "tracked_cameras" : [
      {
         "cal_method" : "tz",
         "extrinsics" : {
            "plus_x" : [ -0.99614739609093017, 0.0082165877945687901, 0.087308449470288027 ],
            "plus_z" : [ -0.087242319539971872, 0.0080899185618973843, -0.99615422666436526 ],
            "position" : [ 0.067489996552467346, -0.032940000295639038, 0.068810001015663147 ]
         },
         "intrinsics" : {
            "center_x" : 484.57758532615168,
            "center_y" : 481.68993133951881,
            "distort" : {
               "coeffs" : [ 0.18863813209750457, 0.039099149779599926, -0.21062323375045208, 0.082877698258063251 ],
               "type" : "DISTORT_EXTENDED_FTHETA"
            },
            "focal_x" : 415.27392253203089,
            "focal_y" : 415.55725761249829,
            "height" : 960,
            "interface" : "",
            "width" : 960
         },
         "name" : "left",
         "white_balance" : [ 1.32358921, 1.00124073, 1.5327059, 0 ]
      },
      {
         "cal_method" : "tz",
         "extrinsics" : {
            "plus_x" : [ -0.99731955465094546, -0.0047334751713241224, -0.073016325596983206 ],
            "plus_z" : [ 0.07284842151579865, 0.029161476355195472, -0.99691664618593068 ],
            "position" : [ -0.067489996552467346, -0.032940000295639038, 0.068810001015663147 ]
         },
         "intrinsics" : {
            "center_x" : 512.8691428269675,
            "center_y" : 492.42868562903908,
            "distort" : {
               "coeffs" : [ 0.19732367961492914, 0.019489452687836879, -0.1938079474144194, 0.077990364704581136 ],
               "type" : "DISTORT_EXTENDED_FTHETA"
            },
            "focal_x" : 416.76051703525695,
            "focal_y" : 417.16600544009145,
            "height" : 960,
            "interface" : "",
            "width" : 960
         },
         "name" : "right",
         "white_balance" : [ 1.33112264, 1.00209618, 1.55933607, 0 ]
      }
   ],
   "tracking_to_eye_transform" : [
      {
         "distortion" : {
            "center_x" : 0.014218625638118789,
            "center_y" : -0.0029007351322388472,
            "coeffs" : [ -0.24731883588077117, -0.0094804188686864344, -0.034795125407725579, -0.0010779449795711511 ],
            "type" : "DISTORT_DPOLY3_SCALED"
         },
         "distortion_blue" : {
            "center_x" : 0.01375570897145211,
            "center_y" : -0.0029007351322388472,
            "coeffs" : [ -0.26210189837175396, 0.0031052637438446586, -0.04531016863020608, 0.0060925114376920112 ],
            "type" : "DISTORT_DPOLY3_SCALED"
         },
         "distortion_red" : {
            "center_x" : 0.014681583971452186,
            "center_y" : -0.0029007351322388472,
            "coeffs" : [ -0.24343467761647286, -0.00808615178921584, -0.033747602094906383, -0.0053983007089568038 ],